 ==============일~월 야간 작업_백근호=============================
 12.30 01:00 쯤 생성함.
 uploads 파일 생성완료 
[V] 기능 인, 용 구현 ->  (디테일 통일, 동일 id 에서 한번에 한 항목 하나만 제출 가능하는 등 수정 필요하지만 일단 대기)
[] view records -> 사용자: / 관리자: 생도입력 -> excel 형식(보고서) + 증빙자료 zip 구현 
 
# $role === '관리자' && $confirmation_code !== '0000'
1. index.php 회원가입 가능하도록 수정 (사용자, 관리자 모두)
2. login.php 에서 회원가입을 누르면 index.php 로 넘어가도록 수정
3. 로그인 이후, 작업하는 과정에서 test/index.php 경로로 이동했을 때 로그인이 되어있는 상태를 방지 -> 다시 로그인하도록 수정 
4. 각 php 파일(9가지 활동에 관한)에 대한 복수형 이름이 각 디비 테이블 명으로 수정 (명확하게 복수형)
5. 어학성적, 자격증 작동하도록 구현 -> 서버에 저장됨을 확인 

100. TODO LIST 
- 나머지 7가지 항목 구현
- view_records.php 자동하도록 구현
- 관리자 권한으로 로그인하면 아직 사용자과 다를게 없음
      -> 관리자 권한으로 모든 사용자의 디비 조회할 수 있도록 구현 ! (각 항목 들어가면 리스트, 조회 들어가면 전원 조회 -> 덧셈까지...?)
	  

# ################Front-end / Flow chart############################
        '지' => ['language_exams', 'certifications', 'academic_conferences'], 어학시험 자격증 학술대회
        '인' => ['reading_activities', 'dop_activities', 'club_activities'], 독서 dop 소모임 
        '용' => ['physical_tests', 'physical_certifications', 'physical_competitions'] 체검 체육자격증 대회참여 
		
파일명에 복수형 취한 것이 디비 테이블명! 
# ################back-end#######################################
# mysql -u root -p     -> 1234
# mysql> use GhHj;
# mysql> show tables;
+-------------------------+
| Tables_in_GhHj          |
+-------------------------+
| academic_conferences    |
| activities              |
| certifications          |
| dop_activities          |
| language_exams          |
| physical_certifications |
| physical_competitions   |
| physical_tests          |
| reading_activities      |
| users                   |
+-------------------------+
# mysql> describe users;
+------------+--------------+------+-----+---------+-------+
| Field      | Type         | Null | Key | Default | Extra |
+------------+--------------+------+-----+---------+-------+
| student_id | varchar(255) | NO   | PRI | NULL    |       |
| name       | varchar(255) | YES  |     | NULL    |       |
| password   | varchar(255) | YES  |     | NULL    |       |
| role       | varchar(10)  | YES  |     | NULL    |       |
+------------+--------------+------+-----+---------+-------+
# mysql> SELECT * FROM users;
+------------+-----------+-----------+-----------+
| student_id | name      | password  | role      |
+------------+-----------+-----------+-----------+
| 12345      | 홍길동    | 1234      | 사용자    |
| 20216      | 백근호    | qorrmsgh! | 사용자    |
| 20333      | 선호재    | 1234      | 사용자    |
| 77777      | 칠칠칠    | 7777      | 관리자    |
| 99999      | 구구족    | 9999      | 사용자    |
+------------+-----------+-----------+-----------+
-> 입력 순서가 아니라, 교번 오름차순 정렬인듯 ! 
# mysql> show tables;  ################################################################################################################## 
+-------------------------+
| Tables_in_GhHj          |
+-------------------------+
| academic_conferences    |
| activities              |
| certifications          |
| dop_activities          |
| language_exams          |
| physical_certifications |
| physical_competitions   |
| physical_tests          |
| reading_activities      |
| users                   |
+-------------------------+
# ################# 카테고리 별 데이터 현황
# 12345 지워버려서 ... 
# mysql> select * from language_exams;
+----+------------+--------+-------+-------------+-------+---------+------------+---------------------------+
| id | student_id | exam   | score | improvement | grade | details | date       | file_path                 |
+----+------------+--------+-------+-------------+-------+---------+------------+---------------------------+
|  8 | 12345      | 토익   |   800 |         100 | NULL  | NULL    | 2024-12-30 |                           |
|  9 | 12345      | 토익   |   880 |          10 | NULL  | NULL    | 2024-12-30 | uploads/0244자격증.JPG    |
+----+------------+--------+-------+-------------+-------+---------+------------+---------------------------+
+----+------------+--------+-------+-------------+-------+---------+------------+-----------+
1 row in set (0.00 sec) // 12.30 02:25

# mysql> select * from certifications;
+----+------------+--------------------------------------------+---------+------------+---------------------------+
| id | student_id | certification                              | details | date       | file_path                 |
+----+------------+--------------------------------------------+---------+------------+---------------------------+
|  1 | 12345      | 02:44에 입력한 자격증                      | NULL    | 2024-12-30 |                           |
|  2 | 12345      | 파일업로드 file_path 구현 시도             | NULL    | 2024-12-30 |                           |
|  3 | 12345      | 이제진짜사진폴더접근가능한가               | NULL    | 2024-12-30 | uploads/0244자격증.JPG    |
+----+------------+--------------------------------------------+---------+------------+---------------------------+
# mysql> select * from academic_conferences;
+----+------------+--------------------------------+--------------------------+----------------------+------------+--------------+
| id | student_id | conference_type                | award                    | details              | date       | file_path    |
+----+------------+--------------------------------+--------------------------+----------------------+------------+--------------+
|  1 | 20333      | 학술 관련 대회 참가            | 동상(우수상) 이상        | 학술 대회 참가       | 2024-12-31 | uploads/.jpg |
|  2 | 20333      | 군 내외부 학술지 게재          | NULL                     | 엄청난 학술지        | 2024-12-31 | uploads/.jpg |
+----+------------+--------------------------------+--------------------------+----------------------+------------+--------------+
2 rows in set (0.00 sec)
# mysql> select * from reading_activities;
+------------+--------------------+---------------+----------------------+------------+--------------------+
| student_id | activity_type      | award         | details              | date       | file_path          |
+------------+--------------------+---------------+----------------------+------------+--------------------+
| 12345      | 독서프로그램       | NULL          | 12345                | 2025-01-01 | uploads/_03_42.PNG |
| 12345      | 독후감 대회        | 영내 입상     | 리딩이즈 리딩        | 2024-12-19 | uploads/_03_42.PNG |
+------------+--------------------+---------------+----------------------+------------+--------------------+
2 rows in set (0.00 sec)

# mysql> select * from dops;
+----+------------+--------------+---------------------+---------------------+----------+-----------+------------+--------------------+
| id | student_id | type         | details             | participation_hours | sub_type | selection | date       | file_path          |
+----+------------+--------------+---------------------+---------------------+----------+-----------+------------+--------------------+
|  1 | 12345      | 봉사활동     | 봉사를 합시다       |                   1 | NULL     | 최우수    | 2025-01-01 | uploads/_03_42.PNG |
+----+------------+--------------+---------------------+---------------------+----------+-----------+------------+--------------------+
1 row in set (0.00 sec)
# mysql> select * from club_activities;
+----+------------+----------+---------------+------------------+------------+--------------------+
| id | student_id | category | activity_type | details          | date       | file_path          |
+----+------------+----------+---------------+------------------+------------+--------------------+
|  1 | 12345      | 지       | 소모임        | 독서 소모임      | 2025-01-03 | uploads/_03_42.PNG |
+----+------------+----------+---------------+------------------+------------+--------------------+
1 row in set (0.00 sec)

# mysql>  select * from physical_tests;
+----+------------+---------------+--------+-------------+-------------------+------------+
| id | student_id | result        | grade  | total_score | improvement_score | date       |
+----+------------+---------------+--------+-------------+-------------------+------------+
|  2 | 12345      | 정기 합격     | 골드   |         270 |                10 | 2024-12-31 |
+----+------------+---------------+--------+-------------+-------------------+------------+
1 row in set (0.00 sec)
# mysql>  select * from physical_certifications;
+----+------------+---------------+----------------+------------+--------------------+
| id | student_id | certification | details        | date       | file_path          |
+----+------------+---------------+----------------+------------+--------------------+
|  1 | 12345      | 무도 단증     | 태권도 1단     | 2025-01-01 | uploads/_03_42.PNG |
+----+------------+---------------+----------------+------------+--------------------+
1 row in set (0.00 sec)
# mysql> select * from physical_competitions;
+----+------------+-------------+--------------+-----------+------------+--------------------+
| id | student_id | competition | sub_category | details   | date       | file_path          |
+----+------------+-------------+--------------+-----------+------------+--------------------+
|  1 | 12345      | 마라톤      | 풀코스       | 힘들다    | 2025-01-01 | uploads/_03_42.PNG |
+----+------------+-------------+--------------+-----------+------------+--------------------+
1 row in set (0.00 sec)